id,name,address,sales_amount
1,Sep Cant-Vandenbergh,"2588 VD, Kropswolde",57751.6
2,Evie Godfrey van Alemannië-Smits,"1808 KR, Benningbroek",69087.12
3,Vincent Mathurin,"Lindehof 5, 4133 HB, Nederhemert",44933.21
4,Jolie Tillmanno,"4273 SW, Wirdum Gn",44052.15
5,Faas Haring,"4431 BT, Balinge",43985.41
6,Vera Wolters,"Thijmenweg 38, 7801 OC, Grijpskerk",63660.33
7,Noah Schellekens,"8666 XB, Exloo",49655.4
8,Phileine Stamrood,"Tessapad 82, 8487 PZ, Sambeek",50421.79
9,Aron Roukes,"7149 RI, Purmerend",75983.52
10,Rosa Kuipers,"Jetlaan 816, 8779 EM, Holwierde",37606.9
11,Dion Kronenberg-Ariens,"Elifboulevard 753, 6091 HA, Bant",34903.49
12,Joshua Michiels,"2117 HX, Heusden",43361.86
13,Azra de Grunt,"4893 FF, Oss",96145.23
14,Joris le Luc,"9526 ZM, Franeker",49599.19
15,Emily Coreth von und zu Coredo und Starkenberg,"5153 MQ, Eygelshoven",44127.39
16,Dani Rijcken,"Nadiaring 992, 6189 BM, Slagharen",58748.63
17,Vajèn Willems-Adriaensdr,"1051 XK, Eesterga",65506.6
18,Charlotte Belpere,"9040 DW, Nijkerkerveen",85633.32
19,Esmee Wipstrik,"7766 ZG, Overveen",73237.29
20,Lorenzo Goderts,"8854 QT, Punthorst",96820.43
21,Jesper Niermann,"2650 WX, Zwagerbosch",53690.67
22,Pieter van Dommelen,"7245 NT, Heeze",84520.0
23,Emir Breugelensis,"2764 NQ, Terherne",73115.48
24,Tyler Joosten,"Pukboulevard 46, 5971 LS, Dieren",44315.02
25,Isabel Heribert van Laon,"9049 DM, Hollandscheveld",75313.03
26,Bradley de Lange,"3145 UB, Beneden-Leeuwen",74206.82
27,Nora Blees,"Elizasingel 992, 5633 WQ, Vragender",66687.52
28,Thijs Gruijl,"Mustafaweg 488, 9748 BY, Taarlo",84178.45
29,Maartje Vandenbergh,"7871 FM, Munstergeleen",44414.67
30,Zeynep Greij,"7183 ZP, Ezinge",40895.58
31,Angelina Eijkelboom,"4422 WB, Boekel",98237.0
32,Lola van der Noot,"9082 AA, Hemelum",96114.92
33,Liz van Hostaden,"2757 DP, Onderdendam",64619.58
34,Noor van Henegouwen,"Merijnboulevard 25, 8032 OG, Puiflijk",68721.94
35,Julia Wilcken,"7324 QM, Rutten",98115.08
36,Faas van der Stael,"7925 XC, Terwolde",70583.3
37,Jayson van Gorp-Hermans,"Abellaan 2, 9627 FJ, Rouveen",39445.72
38,Valerie Arnold-van Geest,"8277 EY, Silvolde",76773.86
39,Ali Hollander,"6805 VT, Oosterwijtwerd",99653.96
40,Tom Kunen,"5721 BQ, Winterswijk Woold",80451.94
41,Luca Sprong-Brievingh,"Mirthehof 2, 2469 TM, 's-Heerenberg",46029.36
42,Merijn Verhoeven,"3345 CA, Lage Mierde",75557.45
43,Sophia Engels,"5646 YZ, Yerseke",91293.47
44,Joey Blees,"Sterrelaan 8, 2162 VR, Zevenbergschen Hoek",80254.71
45,Alexander Muijs,"2761 SP, Losser",77389.49
46,Gijs Ghoerle-van der Leek,"Jessesteeg 943, 9823 VQ, Exloërveen",84489.53
47,Alexander van Ooyen-Arnold,"Sarahbaan 8, 5950 XM, Tienhoven",93859.22
48,Bente Groote,"Chrisdreef 91, 4863 FK, Kerk-Avezaath",62646.44
49,Carlijn Jacquot,"Jacobpad 790, 4268 CA, Muiderberg",67743.27
50,Amy Chrodtrud,"Mirtelaan 394, 3555 UM, Hengstdijk",93885.31
51,Luuk Pratt,"Pienlaan 5, 7356 GF, Kerkdriel",97823.41
52,Berat Hakker,"Milouweg 3, 9880 FX, Vierhuizen",45539.4
53,Vincent Bouhuizen,"3255 WJ, Hillegom",87128.54
54,Ties Mulders,"Jortstraat 5, 2053 SO, Ginnum",56797.57
55,Daniel Rietveld,"2889 MD, Rijpwetering",89974.0
56,Noah Speijer,"Ceylinpad 0, 2862 MH, Katwijk",94710.36
57,Valentijn Buijs,"Michalaan 792, 2560 BE, Zundert",68194.34
58,Phileine Huurdeman,"1849 ZL, Sonnega",82580.83
59,Merel Rippey,"Sjoerdboulevard 9, 8628 NG, Heelweg",44297.19
60,Jan François,"9335 HV, Deventer",72432.18
61,Azra Claesner,"Aliciaring 665, 9673 IW, Windraak",48783.07
62,Jasmijn Zaal,"Esmeepad 7, 3858 TU, Drouwen",68415.92
63,Yassin Kleijse,"5572 OI, De Knipe",97627.02
64,Luka Honing-Velderman,"Michaelpad 580, 8046 PC, Oost West en Middelbeers",73967.46
65,Joris Eelman,"3031 QF, Hengelo (Gld)",96252.87
66,Benjamin van Laon,"Mauritsdreef 0, 9432 SA, Lexmond",72307.82
67,Riley Blokland-Kleibrink,"7382 ZH, Driebruggen",57514.03
68,Vince le Gallen-van der Veen,"5530 DL, Taarlo",67441.72
69,Dean Frankhuizen,"2175 QD, Klazienaveen",30551.74
70,Mara van der Ven,"1383 PV, Kapelle",41276.75
71,Dylan Kok-Kerkhof,"Fienring 990, 7936 TJ, Made",94432.14
72,Sophie Ketting-van de Berg,"Jannasteeg 9, 4571 AT, Sevenum",97188.12
73,Nadine Kunen-van de Wal,"5422 GO, Dieden",57177.61
74,Laura Beijring-Broek,"1075 IH, Hedikhuizen",53837.12
75,Jayda Adriaensdr,"Bibisingel 780, 7229 NG, Holten",49903.2
76,Matthijs Galenzone,"1263 IO, Kloosterburen",96129.04
77,Charlotte Ariens Ansems,"2618 OR, Sappemeer",94881.56
78,Myrthe Heymans-Nedermeijer,"Finnsteeg 8, 1946 CL, Aarlanderveen",91028.96
79,Maya Tuithof,"3752 FB, Chaam",98861.3
80,Jonathan van der Klijn,"Liampad 7, 6308 ES, Arum",72531.32
81,Senna Zuidweg,"7070 TP, Schardam",80787.64
82,Koen van Evelingen,"Jannadreef 2, 9045 DC, Reuver",36978.84
83,Berat Wipstrik-Groen,"Quintenboulevard 8, 9370 DS, Netersel",42793.2
84,Selena Laffray,"6820 ZE, Rheden",72794.05
85,Jack van de Ven,"Rafboulevard 8, 8369 HA, Wetsens",64958.88
86,Matthias Heinrichs,"Wouterlaan 310, 5715 FY, Zenderen",87566.17
87,Maja van Salmen,"3043 UH, Zuidoostbeemster",42697.17
88,Quinn Mulder,"Ellapad 412, 2553 DE, Winde",58046.88
89,Jordy Kosten,"4530 IS, Sint Anthonis",79127.83
90,Pepijn van Verdun,"Josephinesingel 668, 8253 PN, Hezingen",61807.28
91,Stefan Roodesteijn,"2854 HL, Einighausen",55842.9
92,Elize de Groot,"2345 XJ, Ouderkerk aan de Amstel",96989.69
93,Elise Vegt-Kosten,"Tristandreef 74, 8315 EX, Rhenoy",70273.48
94,Brent de Mol,"Maritpad 638, 8987 BC, De Kiel",45137.78
95,Maurits de Pauw-van de Velde,"Luuklaan 729, 1004 CX, Sint Maartensbrug",61740.16
96,Milan van der Mast,"Danaring 1, 5325 PL, Kerkrade",67132.35
97,Stef van Schevinghuizen-Smit,"Silkeboulevard 7, 4900 PF, Warffum",99889.55
98,Mohammed de Mol,"9401 UO, Haulerwijk",76689.04
99,Arthur Recers,"Jetdreef 99, 5039 VC, Hulsel",44507.89
100,Luuk Arens,"Juliaweg 8, 6858 LM, Vroomshoop",46664.52
101,Ninthe Nek,"Jennabaan 57, 3730 LX, Susteren",81515.12
102,Casper Wooning,"Boazweg 0, 6225 ZK, Cadier en Keer",83682.91
103,Matthias Zeldenrust-Meyer,"Rafaelring 058, 6909 UG, Zevenaar",99251.61
104,Zara Ouwerkerk,"Benjaminsteeg 744, 4069 GH, Zuidlaarderveen",64866.62
105,Luke Geerling,"9346 RU, Kwadendamme",30035.47
106,Maja van de Ven,"Aiméelaan 611, 3501 DB, Suwâld",80080.73
107,Tyler Rijcken,"Imkehof 6, 4095 XQ, Tienray",38471.69
108,Sophia ter Waarbeek,"Stijndreef 6, 9288 XU, Plasmolen",84662.25
109,Aiden van Kasteelen,"Angelinaweg 2, 9950 NN, Deurze",47069.77
110,Britt Risma,"Wesleyring 2, 8737 ZN, Roggel",32998.23
111,Giel Weyland,"Ashleybaan 543, 3464 WO, Nieuwkoop",78231.08
112,Kaylee Kuijpers,"9303 QV, Rilland",61831.74
113,Liam Peterse,"4216 TV, De Mortel",57457.3
114,Cato Muijs-Ehlert,"7231 VS, Gasselternijveen",80636.9
115,Renske van der Hoeven,"Irislaan 82, 1387 AB, Bovensmilde",52193.46
116,Cornelia Schuurmans,"Yusufpad 87, 3247 XG, Den Burg",71371.13
117,Stefan Geldens,"6371 NU, Eagum",70715.72
118,Lois de Bruijn,"4486 IY, Urmond",39815.04
119,Charlotte van den Brink,"Muhammedstraat 5, 9103 IV, Oldenzijl",30178.82
120,Tim Lether,"Gieldreef 005, 9577 OA, Hollandscheveld",75871.25
121,Youssef Courtier,"2809 NN, Kommerzijl",68241.55
122,Alyssa Mansveld,"Pieterweg 45, 7730 ZL, Collendoorn",32052.21
123,Saar Heerkens,"Ilsedreef 0, 2392 WZ, Wijnandsrade",59767.32
124,Lize van der Maath-Schrant,"Rickpad 001, 2566 MF, Bleiswijk",94004.93
125,Ella Boddaugh,"2660 FA, Harbrinkhoek",73377.06
126,Muhammed Moenen,"4047 CA, Ravenswaaij",58159.55
127,Mark Bolkesteijn,"Demidreef 8, 7535 LE, Gellicum",77116.78
128,Vince van Berkel,"Aylinlaan 78, 5251 VO, Amen",80494.62
129,Nick Diesbergen,"3636 EB, Megchelen",97234.78
130,Jenna de Strigter-van Susa,"9707 BZ, Eibergen",60469.15
131,Boris van den Nuwenhijsen,"Joëlleweg 2, 2058 MK, Oosterland",66956.16
132,Jonas Takkelenburg,"7439 AF, Alteveer gem Hoogeveen",85961.53
133,Senn Hendriks,"Sylviehof 46, 8256 XL, Hoog Soeren",43732.14
134,Beau Boer,"9410 ND, Valthe",82565.91
135,Thijmen Rouwhorst,"Ceylinsingel 30, 8500 TV, Sevenum",69119.61
136,Finn Amalrada,"4128 BG, Waal",81798.85
137,Cornelia Perrono-van Rijthoven,"2667 EV, Woubrugge",94337.49
138,Daphne van Liendert-van der Smeede,"Faylaan 2, 4599 CM, Westdorp",76435.74
139,Lise van den Bosch-van Cuijck,"1276 VM, Bathmen",40238.8
140,Bas Spruit,"Loladreef 591, 9318 BK, Kattendijke",45420.4
141,Sylvie van der Velden,"Woutlaan 9, 7571 TN, Wirdum",88257.05
142,Jenna Spreeuw,"Lukasstraat 05, 1624 BL, Overlangel",94851.46
143,Morris Hekker,"Rafpad 53, 3050 NQ, Eck en Wiel",57677.47
144,Gijs van Liendert,"4574 VR, Randwijk",74158.96
145,Jade Diesbergen,"Joshuasteeg 3, 9112 HP, Ten Post",67543.97
146,Feline Feltzer,"Mariastraat 650, 3932 KK, Afferden",55739.65
147,Ashley Poncelet-Rackham,"Ecrinsteeg 542, 7415 KA, Eemshaven",40640.57
148,Ruben Courtier,"Linapad 430, 3954 HS, Maurik",59526.53
149,Meike Shupe,"Mehmethof 2, 6743 BF, IJzendijke",74380.61
150,Femke Goyaerts van Waderle,"9083 EO, Sprang-Capelle",85782.82
151,Jayda Wilcken,"Emilyring 79, 5566 JJ, Langbroek",90189.68
152,Quinty Bruijne van der Veen,"4158 HQ, Tzum",30768.83
153,Jamie Brandt,"5355 NV, Oirlo",73648.49
154,Tirza van Leuven-de Bruin,"Pietersteeg 326, 7140 FP, 's-Gravendeel",91177.51
155,Sem Brands,"1799 TU, Oirschot",96231.28
156,Hailey Joosten-Le Grand,"Timsteeg 5, 8272 FM, Klimmen",66175.36
157,Pleun Janssens-van Vlaanderen,"Rafaelweg 324, 7355 LA, Hempens",65037.98
158,Noah Mulder,"Jasonhof 371, 2325 CW, Grevenbicht",76838.88
159,Amy Roessink-van Beieren,"5148 ZF, Vleuten",86228.9
160,Sjoerd Veenstra,"Juliussingel 269, 7898 BD, Schalkhaar",62589.55
161,Lot Charon,"1350 MR, Aalden",61720.5
162,Kay Driessen,"9786 FL, Eethen",36619.24
163,Nynke van der Kaay,"Suzestraat 464, 3941 YJ, Warnsveld",64628.09
164,Boaz Uphaus,"6711 SM, Klazienaveen",54925.39
165,Kyano Roodesteijn,"2090 NY, Loon",69557.92
166,Evy van Gemert,"1363 VZ, Jelsum",66304.14
167,Damian Lambregt,"Levistraat 75, 7741 GL, Zuna",96743.68
168,Lizzy van Nederlotharingen-Lensen,"Jordylaan 82, 6298 CA, Loosbroek",99488.94
169,Tim Hulskes-Groen,"5962 QD, Hoogwoud",35708.28
170,Esila Janssen,"3680 HU, Wijnaldum",94016.35
171,Norah Voortman,"5318 MH, Jabeek",38607.71
172,Wesley Jacobs-Uittenbosch,"Stefanhof 08, 6966 KJ, Riel",66689.66
173,Selina Peronne-Willems,"9728 AV, Surhuizum",99267.56
174,Indy van der Horst-Salet,"7860 ZM, Mariënberg",93396.57
175,Stefan Voortman-van Asten,"Samstraat 3, 1174 MH, Ede",79826.09
176,Naomi Groenestein,"2037 XQ, Vinkega",95490.03
177,Rowan Mens,"Aminalaan 977, 6104 JB, Tjerkwerd",38577.47
178,Olaf de Keijser,"2373 KH, Ledeacker",62045.93
179,Angelina van Emmelen,"Tiesbaan 12, 4041 QH, Spannum",39493.91
180,Danique Westerbeek,"8725 UR, Aalden",52397.78
181,Naomi Opmans,"4269 TT, Oeffelt",37545.05
182,Evie le Guellec,"Dexstraat 200, 2400 CG, Bitgum",96175.89
183,Tristan Bezemer,"4947 VO, Sint Annen",98481.63
184,Kai Lafleur,"Yarasteeg 3, 1042 JK, Meerkerk",53413.96
185,Ayden Maaswinkel,"6427 KH, Eck en Wiel",85857.33
186,Evi Claesdr,"Pimlaan 2, 4405 BJ, Grevenbicht",58105.24
187,Boaz Otto,"Samuelbaan 9, 4653 XH, Barendrecht",73809.9
188,Roos van Bovenen,"3789 SY, Ane",46133.34
189,Lola Briere,"Fienstraat 711, 9130 DX, Boschoord",45404.64
190,Jayda van de Brink,"Isabelboulevard 678, 7046 UC, Scharmer",51792.84
191,Naud Blokland,"Jacksingel 78, 3829 RX, Hoek",59405.74
192,Luca van der Veen,"Stansingel 820, 2485 RE, Wadenoijen",69625.39
193,Leon Visser,"Loeklaan 8, 3521 MB, Aalst",30719.5
194,Pepijn Olthof,"Evadreef 37, 2493 RV, Nijeholtwolde",98182.4
195,Tijs VI,"Hiddestraat 10, 3858 DM, Woldendorp",51756.27
196,Victor van der Horst-den Teuling,"Laraweg 832, 7719 NW, Soerendonk",89943.75
197,Cato van der Velden,"Jesperlaan 362, 5618 DT, Jubbega",85219.93
198,Quinn Mahieu,"9394 OX, IJsselstein",94107.42
199,Bart van Straaten-Scheffers,"Michellebaan 711, 6118 NK, Vredenheim",69448.11
200,Lizz de Bruijn,"2024 FD, Walsoorden",61877.12
201,Renske van Ochten,"9253 PC, Nuenen",91448.32
202,Benjamin Gerritse,"Maudring 95, 9386 QZ, Bunnik",60673.62
203,Maryam de Marduras,"7127 GA, Warten",67706.61
204,Alicia de Vroege,"Elineweg 857, 9102 IZ, Miedum",93277.57
205,Ize Schrik,"Sterreboulevard 68, 6432 MM, Geelbroek",85404.62
206,Liv Ferran,"8462 ZE, Oldenzaal",81979.76
207,Kyano de Groot-Gepa van Bourgondië,"6997 KY, Woudrichem",95005.91
208,Aimée Reijers,"4197 OO, Vaals",67365.07
209,Elif van der Berg,"Valeriedreef 39, 1067 HV, Megchelen",92003.06
210,Lieke Groenestein,"Maxpad 183, 3099 HV, Sloten",56599.04
211,Kai Mijsberg,"1291 HW, Voorst",61802.55
212,Loek Blaak,"7736 AR, Toornwerd",78480.74
213,Jari Overdijk-van de Berg,"2057 JX, Megen",87712.28
214,Luuk van Mare,"Semboulevard 2, 7028 LW, Graauw",59462.25
215,Myrthe de Plantard,"1165 XY, De Bult",42749.55
216,Lot Meeres,"4800 MH, Ysselsteyn",46547.62
217,Isabella van Baalen,"2074 LK, Rouveen",69493.13
218,Esmee van Wickerode,"8822 PS, Nederweert",38988.31
219,Michael Billung,"Zoeyhof 93, 1935 HC, Ossenwaard",49491.01
220,Jan Velderman,"Thomashof 947, 9573 OR, Smakt",63972.41
221,Loïs Jansse,"Jolieboulevard 820, 4327 PP, Vorstenbosch",65702.3
222,Johannes Kunen,"3200 DP, Nieuwolda",51850.8
223,Annemijn van Hulten,"8683 PG, Zandvoort",84784.38
224,Nick Martel,"Woutlaan 685, 6354 DI, Mariënberg",68179.45
225,Lily Schilt-Steenbakkers,"3249 ZT, Farmsum",58614.49
226,Maurits de Bruin,"Xavisteeg 8, 7625 BF, Sondel",61450.89
227,Jelle van Laar-Bouhuizen,"Jacobsteeg 90, 2841 AY, Laag-Keppel",47036.82
228,Lise Henric van den Nuwenhuse,"9431 UW, Eppenhuizen",76212.31
229,Evi van der Smeede,"4986 RB, Roderwolde",72128.52
230,Helena Welf-Huls,"Benjaminpad 02, 5064 KZ, Wjelsryp",65101.84
231,Quinten Symons,"Frederiquelaan 29, 3633 CV, Zwammerdam",33442.29
232,Rick van Tours-Risma,"5683 JT, Waaksens",48847.04
233,Lucas Wagenvoort-van Clootwijck,"Bastiaanstraat 4, 1543 DL, Ooij",83165.96
234,Finn van der Laan,"1403 DS, Warder",73153.72
235,Aron Dubois-van Hamaland,"Maraboulevard 490, 3061 AN, Spanbroek",31771.82
236,Zara Oostveen-Broek,"4234 JQ, Overasselt",93935.21
237,Imran Bastiaanse,"8623 FH, Tuk",51188.32
238,Alyssa Pratt,"1230 WJ, Oud-Beijerland",56221.8
239,Yusuf van Hagen-Tirie,"Nicksteeg 72, 9456 BE, Hilversum",63254.45
240,Bente Moet,"Stefanweg 762, 7042 VQ, Blauwhuis",48908.42
241,Ryan Wutke,"Gieldreef 620, 8371 VL, Tijnje",79413.01
242,Evy Stook,"7228 UV, Doniaga",77946.35
243,Noortje Dekker,"Mikering 34, 9750 IW, Heveadorp",95600.68
244,Robin Brands,"6577 VG, Stedum",64783.44
245,Angelina Le Grand-Vrancken,"5815 UA, Ellertshaar",32873.42
246,Noud Merckx,"Miabaan 4, 1546 ZT, Nijbroek",93576.26
247,Sebastiaan Willemsen,"Thomaspad 45, 2031 QY, Aarle-Rixtel",89632.36
248,Dave Scharroo-van der Mast,"1848 AH, Naarden",93888.5
249,Cato Ruijs-van der Stael de Jonge,"Lukastraat 4, 5323 MZ, Leons",75165.31
250,Lisa Langevoort,"7477 AE, Zegveld",40384.56
251,Vera Doyle-Schelvis,"Jurrepad 3, 1450 NE, Kinnum",35204.0
252,Raf Manne,"4120 II, Lemelerveld",90877.47
253,Jamie van der Sande,"6453 IQ, Klooster Lidlum",75786.34
254,Ties Genefaas,"Timodreef 4, 8875 PX, Dussen",48088.46
255,Jules Doesburg-van Oirschot,"Joshuabaan 6, 3184 GX, Doorn",75569.52
256,Dion van Oudewater,"Svenlaan 2, 1665 ZN, Oldeholtpade",52952.23
257,Merel van Duyvenvoorde,"Rileyweg 694, 6057 AD, Lengel",43502.85
258,Senna van Hagen,"Dirkhof 9, 2738 XO, Grafhorst",40952.48
259,Elias de la Fleche,"Gijsboulevard 74, 9702 UB, Jistrum",92233.96
260,Bente van der Plas,"7061 RK, Steyl",56472.23
261,Dani Fredriks-Huisman,"6571 IS, Dalfsen",62478.27
262,Guusje Rijks,"Madslaan 754, 1635 NH, Eursinge",69646.54
263,Joris Pauwels-Ruijs,"Aiméepad 20, 1843 JP, Overasselt",37786.81
264,Joep van Nederlotharingen-van Luxemburg,"Leviring 0, 2182 GB, Eindhoven",44283.06
265,Mette Miltenburg-van der Berg,"2759 EF, Schagen",44412.11
266,Ibrahim Eijkelboom-van Orleans,"Joshuabaan 1, 1377 KT, Boer",37089.79
267,Jonas van der Maes,"1269 WQ, Hardenberg",96444.16
268,Lenn Heyne,"Sephof 00, 8881 TS, Vierlingsbeek",60363.0
269,Veerle van 't Erve-van Formbach,"Abelbaan 793, 6624 BK, Geeuwenbrug",54997.37
270,Jennifer van Liendert,"Aaronsteeg 332, 6498 MA, Zijdewind",46781.33
271,Julie Risma,"3481 KH, Nieuwlande Coevorden",90994.43
272,Mart Lind-Kuilenburg,"1042 OE, 2e Exloërmond",69125.67
273,Bilal Adriaansen-Verkade,"Matthiasboulevard 141, 9074 XK, Lith",45788.63
274,Julia de Gruijter-van der Noot,"Quintysteeg 68, 8028 DQ, Baarland",76411.1
275,Hailey van Dam-Kalman,"Maralaan 262, 5376 GP, Nieuw-Weerdinge",83334.57
276,Anne Jochems,"Loespad 191, 1421 PO, Bakkeveen",68028.4
277,Esila van Landen,"6945 YZ, Woudrichem",35966.46
278,Lynn Teunissen-de Haas,"Fatimadreef 0, 8348 BU, Bergen aan Zee",75138.04
279,Pippa van Drenthe,"7958 HW, Lutjewinkel",71682.46
280,Imke Manne,"6412 YG, Demen",71655.35
281,Lena Fremie,"8698 QV, Mildam",42022.54
282,Daphne van Soest,"1473 JA, Ter Apelkanaal",63702.4
283,Nick Klerks,"Sarasteeg 6, 6987 DJ, Snikzwaag",81671.24
284,Adam Moenen,"3097 RC, Breda",51851.45
285,Marijn Rubben,"Sennastraat 693, 2716 EW, Achtmaal",80658.63
286,Giovanni Weerdenburg,"4101 AQ, Kruisland",43785.54
287,Emma van Daal-Vos,"2375 JO, Dalem",78659.75
288,Aya Ligtvoet,"1699 YX, Castelre",50575.01
289,Damian Roessink,"Naudweg 992, 2425 BA, Grashoek",77783.94
290,Mees Friehus,"6405 JP, Varsselder",97723.09
291,Roan Sanders-van Luinenburg,"Pleunweg 981, 7476 GT, Westendorp",63065.94
292,Rafael Goudriaan,"6826 ZX, Ten Boer",35220.35
293,Aimée van den Nuwenhuysen,"2295 TF, Eelde",68527.11
294,Faye Manne,"4242 AW, Burdaard",56477.4
295,Sami Carnotte,"4410 EA, Kropswolde",40886.47
296,Jurre Vastenhouw,"8975 SH, Eefde",85331.85
297,Jolijn Peterse,"2294 TY, Heukelum",84888.37
298,Arthur Peronne-van Salmen,"Philipweg 962, 8840 IQ, Steyl",95009.17
299,Jacob Jonker,"9096 SF, Ees",76382.81
300,Tirza van der Linden,"Isabellesingel 152, 5262 QL, Strijbeek",40988.02
301,Nora van Breukelveen,"Marasteeg 9, 4105 PC, Geldrop",99104.23
302,Sjoerd Lemmens,"Esilapad 13, 6175 HP, Vlist",68821.4
303,Twan Françoise,"3130 DU, Oldeouwer",57778.36
304,Elisa Versluijs,"Jonathansingel 293, 6876 ZJ, Vaals",65054.8
305,Cornelia Dubois,"Emilyring 2, 8901 MP, Graft",93457.87
306,Eva Visser,"Lisaweg 51, 3062 EM, Oranje",33966.82
307,Job Linschoten,"Bilalhof 53, 2491 NH, Biervliet",79544.56
308,Leon van Ooyen,"Josephinehof 068, 4969 IP, Harlingen",31006.24
309,"Karlijn Bourgondië, van-Brievingh","Annemijndreef 468, 6654 NV, Vinkel",61173.87
310,"Raf West-Francië, van-van Dommelen","7475 KZ, Vlodrop",81478.03
311,Tijn Wensen,"Giovannilaan 57, 1375 KF, Loozen",42047.36
312,Joris van Gelder-Kort,"Emmapad 5, 7885 DK, Acquoy",84453.63
313,Evi Flink-Geneart,"8715 XR, Kommerzijl",40464.81
314,Xavi Hulshouts,"1915 RX, Tollebeek",70608.46
315,Siem Klein,"6587 WG, Ellewoutsdijk",72779.16
316,"Jill Bourgondië, van","1769 EC, Kortehemmen",84952.57
317,Olivier Adriaensdr,"9383 OJ, Oldebroek",82900.8
318,Dave Schilt,"Silkelaan 8, 1854 LX, De Bult",67834.83
319,Guus Feenstra-Schuylenborch,"9559 QP, Brandwijk",40807.03
320,Aaron Scardino,"1397 YV, Oranje",81560.72
321,Luka Mudden,"Casperstraat 80, 3528 AA, Ottoland",69249.31
322,Anne Weijters-van Ginkel,"8014 JZ, Heerewaarden",34671.91
323,Luka Oostveen,"7511 JO, Kortehemmen",32839.73
324,Jesse Rotteveel,"Liviahof 8, 7743 FD, Bergeijk",89323.65
325,Bo Soos-Huurdeman,"Megandreef 0, 1457 IU, Lemmer",63625.57
326,James Coolen,"7999 MD, Mook",40737.29
327,Dylan de Wit-de Bruijn,"Ayasteeg 4, 6535 VA, Aalsmeerderbrug",68213.13
328,Mark Timmerman-Cornelisse,"7821 KR, Moorveld",38811.11
329,Ravi Kremer,"Fienepad 59, 9391 EZ, Nijeberkoop",56061.7
330,Ninthe van Veen,"5712 RC, Molenhoek",85595.18
331,Evy van Rijthoven,"Benlaan 91, 7742 IO, Houtigehage",42248.66
332,Vigo Kuijpers,"Milouweg 073, 9260 TV, Wons",85468.01
333,Mats Linschoten-van Emmelen,"3495 CM, Kollumerpomp",67373.51
334,Louise van de Velden,"Marinussteeg 7, 8378 JF, Alblasserdam",72776.74
335,Lex Kof,"Hugolaan 586, 9260 ZE, Winterswijk Kotten",65254.27
336,Feline van Veen-Hondeveld,"9552 EV, Midsland",41395.45
337,Danique Boer,"Johannadreef 69, 2062 UA, Den Dolder",77229.02
338,Emily de Nijs,"6661 RY, Brandwijk",63524.88
339,Frederique van het Heerenveen,"8162 QK, Zoutkamp",80694.78
340,Anouk de Hoogh,"3130 QX, Hengelo (Gld)",68246.45
341,Lynn Noordijk,"Lorenzoring 02, 9181 YM, Opmeer",79267.58
342,Jim Jonker,"7262 TC, Stein",92705.96
343,Finn van Arkel,"Micksteeg 62, 3238 SP, Midwolda",39505.56
344,Daphne Kas-Molen,"Nathansingel 95, 3735 AE, Baak",94368.2
345,Kian Verheij,"Jacobweg 325, 9225 BQ, Stoutenburg",30742.52
346,Dylan Aarden-Tammerijn,"3370 XM, Warten",56561.17
347,Fleur Verbeek,"Kianboulevard 2, 7471 ZB, Hoogmade",82320.59
348,Fay van Dokkum,"Casperdreef 0, 8450 UL, Katwoude",57317.48
349,Hendrik de Keijser,"5472 YM, Zwagerbosch",99333.34
350,Fay Kirpenstein,"3828 DI, Westerland",35523.95
351,Melissa Kok,"Mathijsweg 244, 7032 AP, Holtum",43117.13
352,Marinus van Herstal,"9104 EJ, De Bilt",77275.85
353,Julian de Mol,"Annemijndreef 27, 5623 CA, Nieuwe Niedorp",87926.13
354,Nathan Peeters,"5462 JC, Overasselt",56973.15
355,Giel de Backer,"4556 OX, Uitwellingerga",79834.3
356,Ayden Adriaensdr,"6845 VL, Den Ham",38454.71
357,Sep de Plantard,"4715 TR, Meppen",98209.35
358,Daphne Knuf-Stinis,"2457 YS, Leur",81774.93
359,Anna van Egisheim,"Angelinabaan 489, 2981 IT, Nieuw-Beijerland",70592.83
360,Elif van Beaumont,"Thomaspad 72, 1046 WT, Heiligerlee",88962.78
361,Indy Vastenhouw,"5122 NK, Renkum",96103.19
362,Hendrik van Breugel,"Floriansteeg 939, 7775 HC, Gronsveld",36711.61
363,Pien Lafleur,"1342 QU, Maasbree",72891.91
364,Sven Jaceps,"Daandreef 97, 3834 OC, Wichmond",42125.47
365,Dylan Moet,"3421 ND, Steggerda",38395.62
366,Julian van Westfalen,"Yasminring 611, 4340 OD, Goes",50481.85
367,Oscar Krabbe,"1278 AY, Wedde",58936.37
368,Lara van Vlaanderen-van de Darnau,"5404 FP, Muiden",93065.36
369,Floris Perrono-Zijlmans,"6462 LV, Rijpwetering",89411.94
370,Pippa Geertsen,"3865 KM, Koudekerke",63042.79
371,Nout Kallen,"Yasminebaan 3, 6513 LR, Sint Maartensbrug",80133.25
372,Aron Mercks,"Naomisingel 4, 7578 YC, Mander",89165.37
373,Sarah van den Broek,"Robinstraat 708, 1232 LC, Maasbommel",95991.28
374,Fleur Pasman,"7178 AD, Munstergeleen",89460.5
375,Naud Cornelisse,"3004 RB, Molkwerum",82889.32
376,Damian van de Velden,"Kianboulevard 711, 6806 EI, Westknollendam",82438.91
377,Liv Walter,"2945 GY, Baarle-Nassau",47170.97
378,Lotte Scuylenborchs,"Tylerweg 431, 2986 BN, Babyloniënbroek",44116.31
379,Zoey van Leeuwen-van Haspengouw,"Lindseyboulevard 216, 5101 VX, Hazerswoude-Rijndijk",44147.23
380,Madelief Meijer,"Jolijnweg 065, 7378 EP, Hagestein",55432.95
381,Liz Joosten,"Lizzyboulevard 0, 5706 LA, Heerlen",59982.47
382,Guus Fremie,"5108 KD, Boxmeer",72468.09
383,Yara van Kasteelen-Mulder,"Angelinalaan 26, 2477 MP, Sappemeer",59198.76
384,Mathijs de Marduras,"Sarabaan 60, 1987 XC, Vilsteren",58786.52
385,Sepp Hoekstra,"2090 AM, Hoofddorp",85641.19
386,Milo van Mook-Claesdr,"4098 XO, Benthuizen",70635.14
387,Jennifer Jaceps,"9114 JB, Zwaagdijk-Oost",73776.38
388,Lindsey van Beieren,"9403 XY, Sexbierum",50865.01
389,Stijn van Beeck Beeckmans,"3758 DN, Stedum",33864.4
390,Yinthe Schouten,"1035 FX, Loon op Zand",81542.87
391,Lizzy Keijser,"3867 FY, Klaaswaal",67024.57
392,Jennifer van der Klijn,"Siemdreef 7, 6285 CG, Tijnje",62650.56
393,Mila Huurdeman-Molegraaf,"9323 DA, Heijningen",91850.16
394,Julius Marceron,"Inayabaan 7, 4034 UX, Tiendeveen",86053.41
395,Suus Helmerhorst-Winnrich,"5123 JH, Ruigahuizen",57524.12
396,Esmée Marchand-Kathagen,"Thijmenlaan 59, 9650 RZ, Twello",83653.27
397,Loek Arent,"5786 XQ, Rhenen",67648.06
398,Dean Westerbeek,"2425 LC, Den Burg",91569.5
399,Lize de Boer,"Jellelaan 68, 1582 EB, Poortvliet",32799.01
400,Esther van Bovene,"9188 UL, Kraggenburg",66732.67
401,Thomas van Oirschot-Eelman,"Lexsingel 06, 9195 DC, Zuiddorpe",69956.36
402,Justin van der Klein,"8842 HW, Ammerstol",33521.85
403,Daphne Peters,"8911 WN, Wijngaarden",46270.01
404,Pim Vegt,"Hiddesteeg 966, 6050 BX, Boven-Leeuwen",67167.65
405,Nadine de Reede,"7906 UM, Dijken",54196.6
406,Tessa van den Velde,"7549 PG, Gorinchem",95985.84
407,Ayoub Palman,"Nadiaring 8, 6587 JZ, Ellemeet",86971.02
408,Nynke van Veen,"1784 FP, Langenboom",89916.08
409,Dion Heyne,"8694 RZ, Beinsdorp",88638.63
410,Yara van Wel,"Quinnsteeg 939, 7289 ZR, Bad Nieuweschans",97639.98
411,Rowan Wolfsdr,"8509 GN, Vught",66772.59
412,Roos van Dagsburg,"6910 FQ, Gauw",39075.04
413,Elize Van Bragt,"4147 WG, Scheemda",81120.64
414,Mike Terry-van Venrooy,"Joëlring 7, 9591 VV, Almkerk",63459.75
415,Sam Heymans,"6767 LO, Zegge",67566.41
416,Maartje Kirpenstein-Helmerhorst,"8686 HM, Loppersum",96269.09
417,Joost van Gent,"6423 RG, Mookhoek",75894.88
418,Sam van der Kint,"Guuspad 611, 1463 XA, Miedum",34013.01
419,Bo Klerks,"Tristanbaan 104, 2492 CZ, Gellicum",45470.12
420,Johannes van Tours,"9576 YC, Veenhuizen",71248.04
421,Lizzy Wright,"3590 KM, Maarn",32429.88
422,Femke van Bergen,"4627 RG, Gorinchem",58782.37
423,Cornelis Aeije,"Kickdreef 29, 1759 YC, Valburg",83156.27
424,Liza van der Linden,"Saarweg 5, 6458 GP, Hilvarenbeek",87700.35
425,Lana Peeters,"Isabellastraat 071, 6820 BW, Hoogblokland",80552.98
426,Aaliyah Jeggij,"Milolaan 219, 4299 RD, Guttecoven",91420.58
427,Jens Appelman,"8281 PN, Zutphen",83091.47
428,Mirte Martens-Zijlemans,"Ameliaring 1, 6251 XA, Budel-Dorplein",86499.1
429,Tom Wolffel,"9839 XD, Rohel",33685.73
430,Sem van Wijland,"9451 UG, Aalsum",80253.46
431,Dean Kas,"3064 SA, Born",86125.68
432,Sofie Everde-Weylant,"Casperbaan 205, 5116 EL, Kelpen-Oler",71005.51
433,Kevin van der Ven,"Jortdreef 278, 9826 DW, Blauwestad",67819.02
434,Joy Mathieu,"2228 QX, Veenhuizen",95973.51
435,Liv Geerling-Elsemulder,"Fabiënnering 9, 6759 IH, Mariënvelde",63279.63
436,Julia Hulshouts-Kallen,"1611 PR, Oudeschans",32845.01
437,Noëlle Verhagen-Spruyt,"Dylanosingel 182, 6447 KF, Ter Aard",94785.15
438,Dana Symons,"Maaikeweg 3, 4178 TW, Gieterveen",92094.64
439,Duuk Perck-Brumleve,"Carlijnweg 270, 9164 RT, Vinkega",54127.79
440,Joshua van der Linden,"Tijsstraat 00, 7359 BM, Winterswijk Kotten",64209.77
441,Nynke Engels,"Ceylinring 885, 5750 EU, Barger-Compascuum",42381.52
442,Sanne Verbeeck,"Noahlaan 98, 9533 XM, IJhorst",81272.93
443,Kevin de Wit,"5418 FU, Tjerkgaast",94939.83
444,Tijs Smeets-Nedermeijer,"7945 TP, Gasselte",65863.53
445,Silke van der Strigt,"1385 HK, Zaandijk",50214.89
446,Maya van Wessex,"7887 PE, Laren",37687.22
447,Lisa Claesdr,"Ashleyboulevard 6, 5994 LT, Raerd",36761.44
448,Fien Brands-Goudriaan,"1805 ZQ, Doezum",31219.27
449,Jack van Santen,"5375 IZ, Kekerdom",30509.85
450,Jill Wigman,"9587 GP, Rozenburg",57224.04
451,Evy Holthuis-Risma,"4013 IM, Anderen",50377.1
452,Mustafa Willems,"8676 FG, Peest",65320.25
453,Loïs van Gent,"Mellelaan 2, 4602 KB, Wapserveen",39565.36
454,Wout van het Heerenveen-van Schweinfurt,"8604 UO, Laren",98101.89
455,Esila Melet,"9085 OD, Baambrugge",66165.87
456,Imke Chotzen-Waltrade Walderade,"1290 SV, Slenaken",76435.94
457,Sebastiaan Broeders,"5623 CI, Zennewijnen",67245.41
458,Naomi Dorsman,"7015 WH, Vinkega",45410.5
459,Vince van den Pol,"1302 MU, Garrelsweer",36691.59
460,Valerie Smits,"2974 AP, Blokker",86141.95
461,Quinty Room,"5211 SV, Biervliet",33879.88
462,Xavi de Jong,"Beaupad 85, 5929 BH, Sint Pancras",93890.25
463,Zoë Mercks,"Lisepad 8, 3763 PO, Winschoten",98292.69
464,Youssef Pauwels,"Lisesingel 57, 8332 SG, Lathum",33603.7
465,Bradley Dennenberg,"Fabiënnesteeg 08, 5094 CY, Doenrade",75164.7
466,Jente van der Ploeg,"3085 XK, Zaamslag",41965.22
467,Ella Prins,"6102 OT, Goëngahuizen",43169.26
468,Lieve Meeres,"Amiralaan 203, 3840 BR, Stampersgat",54984.57
469,Inaya Zevenboom,"Adamsteeg 4, 9484 WO, Valburg",38804.77
470,Marijn Kort,"Sophiasteeg 5, 8217 TH, Ryptsjerk",72465.62
471,Amira van Alenburg,"Sethpad 42, 5977 NM, Klooster Lidlum",43691.99
472,Luna Spiker,"4012 UV, Bathmen",89753.81
473,Liam van Bovene-Bleijenberg,"4332 FO, Oostkapelle",86265.58
474,Nikki Everde-van Grondelle,"Sterresteeg 5, 6564 KG, Alphen",84014.51
475,Xavi de Werd,"1295 PP, Naaldwijk",52543.05
476,Joshua Bruynzeels-Bresé,"5632 WD, Uitwellingerga",42122.77
477,Maya Cornelissen,"Koensingel 450, 3317 TV, Heerhugowaard",31214.5
478,Melle van Rheineck,"1615 LN, Zwolle",68416.05
479,Elize Weyland,"Janlaan 4, 3319 GW, Rijs",85860.71
480,Kyano Tins-Passchiers,"Loislaan 015, 3243 UQ, Oudesluis",68826.06
481,Pieter de Gruson,"2096 FH, Noordwijkerhout",81272.13
482,Ali van Dommelen,"Sildreef 950, 2195 IZ, Haskerhorne",36384.35
483,Linde de Roos-Lommert,"Linnlaan 4, 2009 AX, Puttershoek",66013.02
484,Alicia van Rooij,"Basdreef 819, 2930 JJ, Sondel",71507.46
485,Bryan Schenk,"2698 QQ, Midwolda",56680.73
486,Romy Slagmolen,"Johannespad 827, 7601 IY, Terneuzen",88904.39
487,Julian Hulskes,"8831 CH, Altforst",63981.68
488,Danique van der Linden,"Teunlaan 4, 6407 BF, Ballum",84648.41
489,Zara Bosch,"Valentijnweg 453, 6492 TZ, Westeremden",53193.3
490,Koen Everts,"4521 QG, Aldtsjerk",35972.51
491,Jill Ferran,"Matthijssteeg 0, 2990 TG, Sappemeer",77194.45
492,Isa van Luyssel,"Feddehof 39, 8477 IC, Eys",70710.54
493,Chloë van den Heuvel-Brandt,"6155 AJ, Emmeloord",71739.76
494,Saar le Guellec,"Alexanderweg 448, 6238 RG, Akmarijp",48174.38
495,Joshua Olykan,"Elisabethstraat 98, 5915 CF, Kloetinge",85253.55
496,Matthias Heyne,"Ecrinpad 781, 7356 QJ, Gulpen",48264.46
497,Amira Waltrade Walderade,"Isadreef 570, 1904 XL, Nieuw-Buinen",39173.89
498,Mason Jonkman,"Kyararing 4, 9244 ZW, Egmond aan den Hoef",38777.52
499,Ashley Jonkman-de Gruijter,"Eliasring 3, 7810 WT, Hedel",51414.91
500,Jan Carnotte,"5842 NF, Barchem",83882.49
501,Mare van Duvenvoirde,"2811 RF, Roelofarendsveen",86841.93
502,Giel Poncelet,"7546 EL, Nijemirdum",50108.56
503,Leah Vermeulen,"Zoeybaan 399, 4246 PM, Nieuwe-Tonge",56970.63
504,Kate van Wel,"Evieboulevard 0, 9953 YL, Siegerswoude",57940.78
505,Robin van der Stael-Diesbergen,"2862 ZC, Ledeacker",31975.02
506,Julius Knuf,"Elizalaan 685, 2120 LH, De Falom",46546.45
507,Loes Jans-van Ginkel,"1296 ZG, 's-Heer Arendskerke",72209.89
508,Laurens van Es-Rademaker,"1133 UO, Oostburg",77499.74
509,Abel Bruggeman,"3956 YU, Harkstede",71851.98
510,Nora Gerrits,"Aiméesingel 581, 2144 ZG, Bosschenhoofd",59093.23
511,Laura Genefaas,"Iseweg 3, 8870 DB, Havelterberg",76808.23
512,Seth van Beeck,"6066 GO, Zandpol",61188.14
513,Nova Oosterhek-Palman,"Maxpad 91, 2133 AD, Ottoland",40896.37
514,Aaron Langevoort,"9609 MK, Idskenhuizen",45727.58
515,Tijs van Suinvorde,"1921 TW, Foxhol",47486.13
516,Willem Miltenburg-Westermann,"3202 PL, Clinge",86218.92
517,Naud de Man-Evers,"Elizabethweg 7, 4151 AA, Beuningen",85162.45
518,Amin Driessen,"4005 JP, Aalten",42112.24
519,Alyssa Zijlmans,"Fayesingel 819, 9113 OC, Stieltjeskanaal",77762.09
520,Robin Thatcher-Jansen,"1476 SG, Bierum",59189.89
521,Roan Duivenvoorden,"Wouterpad 1, 1612 AJ, Thorn",55050.81
522,Ninthe Zeldenrust-van der Loo,"9099 PO, Veeningen",33651.11
523,Sven Ouwel,"Tomweg 530, 6391 YM, Westkapelle",30223.94
524,Megan Recers-van Oostendorp,"Jesperbaan 698, 1861 XO, Halle",52137.86
525,Evelien van Rooij,"5226 ZN, Schiphol-Rijk",44528.8
526,Jelte Dekker,"7431 SJ, Stroe",97151.11
527,Ilse van Ommeren,"Megansteeg 58, 4468 AX, Egmond aan Zee",68935.08
528,Bjorn Smith,"Evapad 130, 9174 IX, Ubbena",57826.88
529,Isabel Huijben,"9839 BH, Zegveld",82709.84
530,Dani Waltrade Walderade-Stoffel,"Loesring 428, 6005 SC, Kommerzijl",76643.84
531,Tristan Room,"4909 QD, De Krim",71455.68
532,Bram Otte,"6094 RF, Cadzand",87518.98
533,Sofie Rotteveel-Vierdag,"5995 HL, Raalte",93983.19
534,Lex Jaceps,"6919 AK, Ooij",83161.38
535,Indy Wolters,"Maxbaan 148, 2462 VM, Firdgum",80363.94
536,Ali Rademaker-Hehl,"Mickweg 35, 2486 HB, Vijlen",78856.56
537,Féline Wijland,"9973 LF, Oostwoud",45572.67
538,Koen Jonkman,"7736 WK, Zweeloo",70158.56
539,Mirthe Kok,"7250 UM, Winterswijk Henxel",47967.28
540,Lynn Vastenhouw,"Beauweg 2, 4159 BL, Den Helder",36284.72
541,Bjorn van der Leek,"Joeysingel 750, 2943 UE, Gorinchem",41531.74
542,Thijmen Broek-Sam,"Quinnsingel 1, 4776 SP, Eeserveen",84330.58
543,Nikki de Bruyn-van Gemert,"Jortboulevard 5, 8771 AW, 't Goy",77682.26
544,Indy Nedermeijer,"Hamzabaan 1, 2314 SR, Delfgauw",68308.57
545,Pippa Appelman,"Giovannisteeg 0, 2153 BY, Zwartewaal",66929.77
546,Esther Broekhoven,"7895 QQ, Vogelenzang",69443.95
547,Mason Bierstraten,"8630 TB, Kortgene",59106.58
548,Nadia Heijmen,"Giovannidreef 7, 7067 TX, Nieuwerkerk",94973.56
549,Michael Spanhaak,"1794 IO, Witte Paarden",58009.96
550,Elena Sestig,"5247 VP, Oosterwolde",78993.78
551,Tijmen Salet-Opmans,"2180 ND, Ureterp",51803.08
552,Sander Otte-de Bont,"Alexhof 72, 6021 AE, Lutjewinkel",50518.22
553,Fleur Brugman-de Heer,"Bassingel 631, 2225 CF, Well",62619.2
554,Matthias de Backer,"Mikasingel 0, 5873 KA, Colijnsplaat",81317.79
555,Robin Palman-Smith,"Yassinboulevard 7, 6961 CQ, Sint Maarten",88980.04
556,Mustafa Aarden,"4192 EU, Oosthuizen",88913.57
557,Sienna Roukes-van Suinvorde,"5338 EB, Ansen",81978.41
558,Lena Appelman,"9102 TI, Rutten",37072.46
559,Sam Zuijdveld,"Sepweg 04, 5156 FC, Siegerswoude",73680.32
560,Linn de Lange,"3006 CM, Kortenhoef",45148.97
561,Jonas Wutke,"1804 JN, Ohé en Laak",97673.92
562,Yinthe van Arkel,"Adrianasingel 1, 5452 VD, Oterleek",47251.96
563,Dean Recer,"Mikeweg 6, 2764 YZ, Musselkanaal",97674.93
564,Cornelia van Santen-Wigman,"Lexhof 7, 1296 KP, Woldendorp",56615.56
565,Roos Vos,"1564 FW, Beesd",31895.04
566,Marinus die Witte,"5886 OM, Neerijnen",86739.01
567,Marinus Nieuwstraten,"Seppsingel 037, 1472 JM, Wehe-den Hoorn",79520.55
568,Myrthe Weyland,"Mariaweg 97, 7897 OI, Goutum",85393.59
569,Joey Romijn-Goedhart,"Sennapad 054, 6748 IC, Hoensbroek",97581.76
570,Bradley Janssen-Scholten,"1762 WT, De Falom",42546.66
571,Ivan Jaceps,"7319 IW, Uddel",30458.12
572,Danique Becht,"6906 SV, Gorssel",69434.5
573,Myrthe Unruoch Hunerik,"8628 MG, Banholt",71249.89
574,Floor Aschman,"Lizabaan 37, 3497 UU, Scherpenisse",54907.13
575,Fiene Beijring,"5521 IR, Hitzum",31266.85
576,Joy Roodesteijn,"Lorenzostraat 437, 3817 QY, Naarden",35825.85
577,Luca Glasses-Aertsz,"3487 EG, Luyksgestel",84661.09
578,Nick Horrocks,"8463 GB, Wissenkerke",48112.54
579,Collin van Ooste,"7632 XA, Leveroy",85228.11
580,Hidde van Wijland,"Joliesingel 00, 4135 NU, Schiermonnikoog",40609.88
581,Sepp de Pauw-van der Velden,"6719 UJ, Riethoven",37693.68
582,Merle Klomp Jan,"6540 HF, Engwierum",77763.88
583,Justin Zwijsen-Cadefau,"Annaboulevard 675, 8311 NY, Heukelom",63173.04
584,Sil Fremie,"7209 YJ, Hapert",66373.84
585,Noah Le Marec-de Haan,"5391 QJ, Scharendijke",88599.27
586,Elisa Rehorst-Vermeulen,"7234 CC, Goes",62656.63
587,Jaylinn van Straaten,"Kyralaan 475, 6056 IX, Nuis",64127.61
588,Julia Huijs,"1819 CJ, Bemmel",53611.34
589,Alexander Labado,"Melissastraat 00, 4648 HU, Eefde",79623.58
590,Sam Schilt-Dennenberg,"Benbaan 505, 8724 SW, Heeswijk-Dinther",32209.17
591,Julius Manne,"3194 TJ, Blije",99065.44
592,Kick van der Pouw,"2833 KJ, Maasbracht",52605.19
593,Nora van Dam,"Nadiabaan 2, 5930 DQ, Andel",52921.06
594,Fiene Elbertse-van den Hoek,"Thijnsingel 8, 6463 BR, Nootdorp",80148.88
595,Veerle Bekbergen,"2533 AS, Waterhuizen",70925.11
596,Jesper van Hemert,"6514 ZD, Harreveld",80327.48
597,Lucy Koret,"7228 JR, Zeeland",65010.07
598,Jake van Olst-van Ommeren,"3830 WV, Gaastmeer",34399.28
599,Eline van der Velden,"5326 MU, Heelweg",59858.79
600,Dex Eelman,"8880 OV, Nijeholtpade",46130.33
601,Ilse van Kasteelen,"7376 AY, Groot-Ammers",66120.86
602,Maarten Brugman,"4917 VF, Oeffelt",48764.45
603,Jim Schipper,"7702 LP, Koudum",56727.83
604,Philip Mathurin-Recer,"Taraboulevard 05, 6128 XZ, Huisseling",81087.63
605,Michael de Jong-Mansveld,"Joepsteeg 043, 5417 RI, Ulicoten",33538.63
606,Ninthe van Berkel,"9769 IZ, Bentveld",51600.86
607,Gijs Timmermans,"Lottesingel 7, 8991 BC, Dearsum",89289.0
608,Jonas Goedhart,"Kayleebaan 834, 3103 IN, Garderen",70502.63
609,Dave Michielsen-Kort,"3600 AR, Nederweert",97347.28
610,Ize Veenendaal,"Yarasingel 5, 5603 MA, Varik",75781.47
611,Nova van Arkel-Maaswinkel,"Loladreef 5, 5291 KJ, Nieuwkuijk",35381.5
612,Stijn Mathieu,"5135 RO, Vledderveen",61157.28
613,Elise Briere,"8107 PN, Nieuw-Beijerland",52604.41
614,Jari Bosch,"Willemstraat 47, 5368 VV, Lith",84501.68
615,Jolijn Fredriks-Overeem,"3849 CH, Obbicht",91945.39
616,Ayden Aeije,"4719 EN, Wierden",70442.01
617,Dylano van Haspengouw Hesbaye-de Koning,"8803 OK, Amerongen",99218.01
618,Vera van Gorp,"9042 NJ, Castricum",39699.72
619,Nora van Beieren,"Luukweg 78, 8392 UI, Huis ter Heide",80744.02
620,Ayden Veltman-Broekhoven,"Jipdreef 354, 9301 VQ, Woerden",36632.67
621,Mette van de Veen-Meyer,"1007 OU, Akmarijp",39785.83
622,Benjamin Heijmans-Cornelisse,"9074 QH, Den Bommel",85978.16
623,Lisanne van der Ploeg-Gerrits,"5033 UJ, Den Hout",74479.94
624,Suze Schrant,"Deanpad 8, 6480 JW, Monnickendam",82254.95
625,Robin Noordijk,"Tylerbaan 6, 8410 XO, Waterlandkerkje",39652.76
626,Adriana de Roos,"2328 WD, Geerdijk",90194.5
627,Jip Borman,"Rafaelpad 0, 7718 RZ, Roosteren",91358.04
628,Louise van de Weterink,"Laurensbaan 379, 7023 LM, Overveen",65066.46
629,Sander van der Noot,"Jolijnsingel 7, 7373 HP, Tuitjenhorn",34056.14
630,Thijs de Bruin-van Wel,"Ashleystraat 958, 3410 XJ, Rouveen",81135.96
631,Rafael van Embden,"Sarapad 77, 3160 JJ, Zetten",73498.16
632,Mads Hanegraaff,"Sophiesingel 0, 9664 WU, Angeren",85002.53
633,Thom Knuf,"Catolaan 94, 1179 WN, Balgoij",52247.81
634,"Norah Molenaar-Werl-Arnsberg, van","Mehmetbaan 94, 2763 PS, Eindhoven",95726.76
635,Fenna Schatteleijn,"6893 JG, Annerveenschekanaal",71600.27
636,Mason Furda,"Elinbaan 76, 2575 SU, Budel-Schoot",56471.38
637,Tom van Bovene,"Daniquesteeg 212, 7555 OF, Lathum",63608.85
638,Linde Bresé,"Jaydenstraat 01, 2713 YF, Twijzel",51156.9
639,Faye Steenbakkers,"1383 BV, Asten",67314.48
640,Jack Timmerman,"Noahweg 608, 5239 TV, Dokkum",68100.48
641,Jan de Wit,"8933 BY, Bennebroek",97545.12
642,Bas Spreeuw-Schrant,"2008 FZ, Tienray",45861.15
643,Kyan van Dooren-Winnrich,"Kayleesteeg 841, 6276 DA, Dokkum",31377.49
644,Livia Schulten,"2974 YM, Dinxperlo",32329.67
645,Mia Kruns,"Eviring 3, 3409 TH, Waardenburg",43977.96
646,Eline Jaceps,"8300 GH, Lunteren",81325.2
647,Zoey Reijers,"Loïssingel 3, 8081 KM, Duizel",65003.48
648,Lisanne Serra,"8753 EO, Oosterstreek",52329.12
649,Puk Sterkman-Pratt,"4049 ZH, Vlijmen",91434.52
650,Sofie van Dongen-Adelaar,"Semstraat 95, 3082 OA, Daarlerveen",32649.35
651,Linn Thout,"Rikweg 540, 8021 RB, Cromvoirt",97074.34
652,Julian Walter,"Pienstraat 61, 5417 IG, Oudelande",47417.24
653,Lenn Le Grand-van Stralen,"5199 JQ, Sluis",90458.27
654,Marijn Charon,"Berathof 75, 4264 UU, Enspijk",47967.26
655,Merle Otto,"1485 TG, Houwerzijl",62310.23
656,Maxim van Bunschoten-van de Noordmark,"7354 IR, Groenlo",39296.67
657,Hendrik van de Biezenbos-Gnodde,"Jipsteeg 599, 8800 BR, Huisseling",38028.66
658,Nathan Paillet,"6470 KP, Bierum",67890.01
659,Imran van Olst,"Rosalaan 53, 9281 FD, Maasbommel",45835.6
660,"Annabel Bourgondië, van","9368 UU, Iens",78611.97
661,Amelia Heinrichs,"Jornpad 1, 5802 JM, Ried",66634.53
662,Lorenzo Janssens,"Joostweg 67, 9120 ZL, Schiermonnikoog",71914.59
663,Zoë Heere-Nieuwstraten,"9386 KU, Wehl",50121.62
664,Noud Garret,"1007 ZA, Zwiggelte",87875.55
665,Elias Louws,"3381 TO, Niezijl",70307.29
666,Silke Berendse,"1624 QZ, Knegsel",84260.73
667,Bente Stoffelsz-van der Wal,"3441 RX, Goes",35076.81
668,Yinthe Lonen-van de Velde,"Jennasingel 2, 5602 NY, Ballum",39687.26
669,Boaz van Ooyen,"3227 UF, Wittelte",54523.01
670,Philip Koster,"Chrissingel 099, 3177 YQ, Cromvoirt",61086.49
671,Lisa van de Wal-François,"5871 BD, Leermens",86741.06
672,Louise van Lucel,"7701 RO, Hoogwoud",44547.28
673,Jelle Steenbeek,"Philiplaan 893, 1284 VP, Maasbracht",33319.61
674,Sepp Jansen,"Elizapad 90, 9572 XE, Sittard",35523.04
675,Louise van der Pouw,"Arthursingel 23, 5703 BX, Ritthem",39471.91
676,Azra Jansen,"4816 BQ, Ohé en Laak",87920.57
677,Milou Perkins-Bartels,"Kyarabaan 649, 4312 XK, Nijhuizum",58687.0
678,Feline Hoeks-Wouters van Eijndhoven,"Chloëboulevard 45, 9303 NY, Hoorn",91884.39
679,Lena Velderman,"2028 BP, Groesbeek",31221.41
680,Joëlle Stuivenberg,"Jeltestraat 921, 8797 UT, Nieuw-Schoonebeek",45724.13
681,Lenn van Dijk-Claassen,"4491 YI, Hee",31248.54
682,Collin Beekman,"4573 WJ, Westhem",42415.46
683,Samuel Elsemulder,"2006 FT, Geffen",45220.13
684,Jake Kamp,"Stellabaan 9, 8619 GR, Den Ilp",64996.36
685,Evy Becht,"9040 ON, Wadenoijen",39947.06
686,Mason Bastiaanse,"Tieslaan 964, 8483 KE, Zwolle",94986.74
687,Isis Wijland,"5504 NX, Herbaijum",79112.56
688,Elisa van de Brink,"2939 UU, 's-Gravenpolder",65261.92
689,Angelina Blokland,"1678 HW, Haaften",58623.05
690,Yasmin Mol,"4420 ZJ, Wilhelminadorp",41159.86
691,Nisa Weijters,"Jorisweg 0, 5714 BD, 's-Heer Arendskerke",71885.19
692,Amélie van Susa,"2569 HN, Raamsdonk",49488.21
693,Joshua Jansen-Marchal,"5889 UD, Pesse",34228.24
694,Chris Peronne,"Brampad 3, 2139 DG, Eagum",67302.36
695,Mohammed der Kijnder,"2769 TQ, Raamsdonk",30598.72
696,Siem Keijzer-Aelftrud van Wessex,"Lauradreef 139, 8099 TV, Stavenisse",85471.41
697,Mohamed Rotteveel,"Maudring 09, 3683 TN, Kiel-Windeweer",77831.47
698,Nora Linschoten,"7867 QH, Teroele",71077.64
699,Lindsey van Praagh-Ariens Ansems,"5068 SF, Rijnsaterwoude",59617.11
700,Amélie Höning,"2549 DA, Jellum",68690.74
701,Lara Verbeek,"6656 WK, Leermens",97656.7
702,Merle Spiker,"Pukweg 86, 6619 SU, Ouwster-Nijega",64751.19
703,Kick Schenk,"4784 KL, Garmerwolde",78750.13
704,Mohamed Spreeuw,"2342 QG, Drachtstercompagnie",93627.97
705,Juliette Schakelaar,"Catharinaboulevard 54, 4688 DF, Vierhouten",98869.5
706,Merel van Maaren,"4077 GR, Tinte",47154.53
707,Guus Lambregt,"Marialaan 12, 8870 RZ, Aldeboarn",68963.78
708,Rosa de Jager,"Fabianring 277, 3274 DP, Gastel",99827.12
709,Lize Haack,"Eliasweg 549, 6277 ZV, Goëngahuizen",63338.76
710,Vincent Beijring-Godfrey van Alemannië,"2883 HU, Bitgum",59185.02
711,Vera van Dokkum,"Mettering 74, 7315 VE, Dalfsen",70569.39
712,Sam Lutterveld,"Zakarialaan 41, 4463 CN, Ruurlo",58870.8
713,Ties van Vlaanderen,"1019 JA, Saaksum",80972.94
714,Niek van Es,"4251 MV, Drunen",47306.4
715,Senna Hoelen,"Zakariapad 37, 5420 MP, Kommerzijl",80143.51
716,Marinus Elberts,"Aydenstraat 9, 3407 AP, Ter Aar",87864.67
717,Koen Mijsberg,"Wesleypad 188, 4526 XH, Blitterswijck",89813.99
718,Stijn Steenbeek-Mahieu,"4807 RY, Zuidschermer",87694.29
719,Finn Bastiaense,"7985 HS, Cuijk",76230.49
720,Naomi van der Velden-van den Pol,"6357 KM, Cornwerd",95166.03
721,Leon Bolkesteijn,"Julianstraat 8, 2106 CU, Ell",47647.56
722,Robin Schrant-Koster,"Jonathansteeg 43, 2334 CR, Den Dungen",89278.36
723,Fem Zijlemans-Verheij,"7289 ZS, Westerbork",49694.76
724,Jules Osterhoudt,"Maritboulevard 45, 3641 MO, Wormer",92890.41
725,Ruben van Duvenvoirde,"Amyweg 223, 1011 OL, Zuid-Beijerland",50315.59
726,Sienna Drysdale-Elbertse,"4809 QU, Nispen",42410.27
727,Mila Mosley,"5280 PP, Noordscheschut",75170.68
728,Stan van Breukelveen,"1276 VJ, Ruinerwold",48619.55
729,Lara van Straaten-van den Hoek,"5068 QA, Ooltgensplaat",69361.93
730,Raf Mol,"5613 XE, Est",33718.54
731,Lisa Estey-Smit,"Inayadreef 3, 7439 ZA, Raamsdonk",95377.52
732,Lukas Wilcken,"3083 ZA, Maasbommel",85424.48
733,Joy Vermeulen-Rotteveel,"2007 VL, Blankenham",93286.24
734,Owen van Emmelen-Brandon,"Teunlaan 31, 3844 WK, Westerbeek",34114.26
735,Ella van Loon-Wigman,"4679 PW, Midwolde",31318.06
736,Kay Brugman,"2664 DR, Loënga",73060.62
737,Amelia van Dokkum,"Aiméeweg 2, 1823 DP, Ane",59523.25
738,Joël Brizee,"2864 CS, De Bult",95332.82
739,Daniël Neuteboom,"Victoriaboulevard 2, 3124 KV, Breda",48779.99
740,Maya Gruijl,"6863 TN, Aduard",48995.02
741,Noor van der Klein,"Izesingel 284, 3377 RT, Meppel",32096.19
742,Marinus Stook,"9846 UX, Tuitjenhorn",88080.59
743,Imke d' Heripon,"Zoëhof 37, 8206 PV, Westkapelle",52031.25
744,Victor Koret,"Juliettestraat 84, 4507 RL, Valkenburg",54118.52
745,Nout Waltrade Walderade-Amalrada,"Aminweg 3, 5565 YK, Luyksgestel",99662.2
746,Livia Poncelet,"Nikkisingel 4, 9602 BT, Tonden",36795.48
747,Lise de Gruson,"Lauraring 813, 1048 SL, Egmond-Binnen",66442.87
748,Ashley Mulder-van der Lede,"9275 KI, Koedijk",36651.9
749,Yassin van Kempen,"Maartjesteeg 896, 3526 IJ, Nootdorp",98436.6
750,Jip Schenkel-Bruijne van der Veen,"8326 NW, Epse",60143.99
751,Fenne Heijman-Blaak,"7156 NF, Ell",99381.57
752,Mark van Velzen,"7765 JJ, Poortugaal",55921.61
753,Zara Le Grand,"6805 JX, Chaam",59139.72
754,Amir Demmendaal,"6533 XU, Hardenberg",88225.53
755,Silke Galijn-van der Meer,"Timosteeg 2, 6351 QG, Doornspijk",47352.84
756,Tess Woudenberg-Latier,"5167 LR, Wintelre",88711.8
757,Zoë van der Loo,"1261 QZ, Vorden",92758.6
758,Vajèn Mathol-Verheuvel,"7803 AB, Lieren",63702.96
759,Rik Scuylenborchs,"Jacobweg 7, 2049 LZ, Grave",54912.11
760,Emir Mens,"Jackweg 072, 6480 RS, Heikant",50214.0
761,Amin Sam,"Gijslaan 3, 9777 QH, Zevenhuizen",49536.39
762,Isabel Kortman-van der Noot,"8861 UM, Wijlre",33468.34
763,Mare Gellemeyer,"2211 YL, Appelscha",98367.37
764,Eva Freshour,"Noorsteeg 2, 6142 VX, Sint Maarten",51872.54
765,Isa Bloemendaal,"Aminaboulevard 9, 3632 NX, Harich",62198.65
766,Kiki van Susa,"9857 XK, Balk",52872.49
767,Aron Schrik,"Ayabaan 2, 3444 NJ, Nederasselt",56566.71
768,Milan Zeemans-van der Heijden,"7730 ZL, Vragender",97497.98
769,Gijs Versluijs-Bierstraten,"Iandreef 62, 9603 FH, Nieuwerkerk aan den IJssel",74973.11
770,Fabian Wolfsdr-van de Pol,"Elinsingel 817, 8288 HP, Ell",31613.49
771,Yassin Hendriks,"1088 UF, Winterswijk Corle",34401.8
772,Noud Jacobi,"Robinring 23, 9566 PA, Baard",86938.54
773,Joey Strik-Woudenberg,"7080 PI, Berltsum",75291.15
774,Mart Jekel,"Lindedreef 7, 5504 HQ, Waskemeer",50634.12
775,Yasmin de Jonge,"Mettestraat 6, 4200 PY, Son en Breugel",35822.09
776,Ize Otte,"9254 EF, Zoeterwoude",82774.4
777,Fatima van Leeuwen,"8385 GW, Sumar",98732.19
778,Féline van de Klashorst,"7965 TG, Pijnacker",80894.83
779,Hannah van den Heuvel,"1492 LZ, Spanbroek",97767.74
780,Lot van Waas,"3332 VI, Lieren",39953.73
781,Siem Schokman-van de Biezenbos,"1242 RB, Nijkerk",51870.41
782,Amina Zeemans,"Evaring 3, 6095 PH, Ossendrecht",45896.45
783,Lynn Jansdr,"Faysingel 06, 3196 MA, Wilsum",77732.84
784,Julius Cornelissen,"Larahof 07, 2995 MT, Loo Gld",56861.69
785,Jorn die Witte,"Danidreef 576, 1125 YT, Oijen",36131.76
786,Florian Wilcken,"Nathansingel 99, 6891 SN, Oudwoude",97885.33
787,Saar d' Heripon,"3043 RD, Nunhem",81800.57
788,Julius Scardino,"1501 RQ, Strijbeek",35154.07
789,Justin Vervoort-Hoelen,"Yusufpad 485, 3288 VX, Well L",37993.2
790,Jaylinn van Hostaden,"2430 HU, Westerwijtwerd",59902.21
791,Floortje Dachgelt,"9038 PC, Burgerbrug",82178.6
792,Wouter Mol,"9972 XB, Klazienaveen",67995.27
793,Jort van Kuijc van Malsen,"4273 VV, Heelsum",96005.82
794,Eliza Potters,"7977 UL, Pingjum",35052.3
795,Loek Coreth von und zu Coredo und Starkenberg,"9672 WD, Drouwen",34894.13
796,Luna Verbeek,"4976 ON, Hoek van Holland",62952.99
797,Mila van Formbach,"6903 BN, Waardhuizen",96458.68
798,Floris Glasses-Shupe,"7938 MU, Teuge",98337.7
799,Valentijn Dekker,"3400 AV, Oudehaske",93007.9
800,Ayoub Brizee-van Mare,"2074 OR, Nieuwkoop",73488.64
801,Youssef van der Klein,"Mustafaring 9, 1217 UC, Budel-Schoot",37499.27
802,Milan Kruns,"2748 AB, Wernhout",49790.38
803,Melle Kleybrink-Fremie,"1750 XJ, Meterik",73543.84
804,Alyssa le Gallen-Kleijse,"4157 PJ, Hensbroek",48264.26
805,Sami Verhoeven,"2266 JP, Koudekerk aan den Rijn",73393.73
806,Brian Keijser,"1347 JH, Buitenpost",44407.6
807,Mees Arnold-Friehus,"2331 PC, De Kiel",37881.81
808,Suus Boddaugh,"Matsweg 6, 8044 JN, Teerns",53878.25
809,Thijmen Butselaar,"8451 XK, Ter Apelkanaal",75774.44
810,Adriana Opmans,"Lenaweg 7, 5091 XE, Ovezande",70934.37
811,Jacob Booden,"6506 IJ, Huijbergen",55980.62
812,Leah Pauwels,"3220 WD, Tjalleberd",44457.64
813,Thijn Hoedemakers-Groenendaal,"Louiselaan 606, 4038 LT, Oppenhuizen",61665.91
814,Ruben Postma,"Elizahof 2, 6452 BP, Alteveer gem Hoogeveen",80042.32
815,Rafael Zwart,"Jaylinnstraat 99, 2447 EE, Raerd",53399.77
816,Jennifer Riem-van Breukelveen,"Stanweg 45, 6389 OE, Budel-Dorplein",76485.9
817,Jelte Guit-van der Plas,"Liamstraat 4, 3256 QN, Dieverbrug",42451.58
818,Simon van Stralen-de Koning,"6636 RU, Netersel",74541.08
819,Lily Walsteijn,"1777 WZ, IJzendoorn",95379.59
820,Joshua Ghoerle,"Morrisbaan 4, 6810 HH, Zuidlaarderveen",52894.3
821,Isa Emmen-van Gemert,"Mehmetstraat 416, 3592 RG, Broekhuizen",85339.62
822,Jorn de la Fleche,"3443 AF, Exmorra",77157.02
823,Maryam Bernaards,"5328 QJ, Haastrecht",30488.6
824,Eline Nek,"Xavisingel 17, 1542 RV, Itens",94978.37
825,Jayda Everts,"1344 EO, Ossendrecht",99308.29
826,Romy Vergeer-de Swart,"3967 XZ, Sint Maarten",88555.25
827,Hendrik Claassen,"8937 DC, Bentelo",83075.27
828,Jorn Haack,"2813 CL, Goes",44691.22
829,Senn van der Spaendonc-Borman,"7313 CS, Loppersum",30897.19
830,Jari Kremer,"Ninthering 548, 3708 AI, Mookhoek",37171.43
831,Jip Kerkhof,"Maximsingel 5, 1222 GJ, Midwolde",59176.16
832,Nadine van Loon,"1365 TP, Druten",35668.64
833,Jinthe Appelman,"Sofiasteeg 51, 4137 EM, Elp",72147.88
834,Joëlle Prins,"Imransingel 20, 7279 WQ, Stiens",89136.26
835,Amir Soos-Kisman,"Meikering 7, 7174 DQ, Kolhorn",70962.11
836,Twan van Dijk-Hulskes,"9998 NA, Mariahout",38823.16
837,Yara Schakelaar,"Isabellasingel 549, 6219 ET, Twisk",60756.18
838,Nora van Laon,"9537 IM, Paasloo",64255.34
839,Daniel de Grote,"4211 QK, Riel",92083.83
840,Daan Meijer,"8539 JQ, Woltersum",78014.91
841,Eliza Oennen,"Chloésteeg 4, 2265 AI, Vortum-Mullem",79017.49
842,Jan Aertsz,"Sofiaweg 6, 6918 RA, Foudgum",46948.51
843,Alyssa Jones-Lijn,"Mirtelaan 3, 2312 VX, Langbroek",56678.21
844,Michelle Reijers,"4691 IS, Boijl",40032.98
845,Alex Hazenveld-Simonis,"Jeltesingel 461, 8445 JX, Heinenoord",75614.93
846,Tygo van Maasgouw,"6885 VS, Nieuw Heeten",75905.01
847,Joy de Groot-van der Veen,"Kevindreef 22, 9141 RN, Oldetrijne",62595.2
848,Guusje Lansink,"6742 JW, Vredenheim",87547.94
849,Marinus Lankle,"4411 IX, Lomm",51572.44
850,Merijn Huberts,"5173 NR, Dongen",91678.82
851,Jaylinn van Grinsven,"7463 KC, Moordrecht",59129.6
852,Noud van Goerle,"6360 MF, De Wilp",85799.84
853,Fabian Billung,"Timosteeg 5, 5065 CW, Eext",99427.01
854,Bastiaan Martens,"Dinabaan 65, 8840 ZF, Werkendam",91135.77
855,Jenna Jdotte,"Benboulevard 84, 1656 KJ, Puth",38351.18
856,Rosalie Smeets,"Masonbaan 680, 6707 IR, Neeritter",75359.47
857,Micha Veenstra-Strik,"Carlijnsingel 98, 2369 NE, Echtenerbrug",55171.08
858,Helena van de Ven,"Gielsingel 013, 5573 BM, Heelweg",89772.57
859,Evy van Mook,"9286 WX, Rockanje",73060.84
860,Esther Werdes,"4804 JX, Teerns",70426.24
861,Joep Sas-Speijer,"7093 FT, Voorburg",84900.48
862,Lize de Man,"Yasminering 0, 1117 DF, Groot-Ammers",41946.1
863,Luuk Huberts,"Isalaan 328, 4673 YB, Steyl",49213.4
864,Ceylin van Voorst,"Fayweg 82, 7959 WD, Middenmeer",67153.61
865,Jelle Schwartsbach-Dekker,"1270 XV, Vlieland",53412.63
866,Lise van der Sloot,"Aminabaan 1, 2855 MT, Oldehove",31768.01
867,Benthe Vos-Thout,"Olafsingel 296, 7599 JU, Zegveld",80161.12
868,Lauren Teunissen,"Bilalpad 36, 3803 YE, Meerkerk",44938.67
869,Lara Weerdenburg-Spruyt,"Elinering 904, 6367 LG, Beekbergen",48776.24
870,Stella Lieshout-Rehorst,"Mustafaweg 73, 5595 IP, Peest",53354.36
871,Amira de Bock,"Pleunboulevard 814, 3362 GF, Spanbroek",79504.45
872,Anna Suijker,"Olivierlaan 85, 7586 FV, Renesse",33652.26
873,Jinthe Niermann,"Liekesteeg 042, 3399 GI, Notter",34252.61
874,Tim Oude Heer-die Witte,"9890 OX, Tubbergen",40840.79
875,Juul Borman,"Jamessingel 433, 3007 VQ, Monster",98458.28
876,Lola van Mispelen-ter Waarbeek,"Wouterring 0, 5639 YY, Scharmer",32183.04
877,Teun Janssen-Bave,"5053 BN, Nieuwersluis",56240.76
878,Renske Waardeloo-van Breugel,"6392 MJ, Knegsel",93452.7
879,Marinus Kalman-van der Pol,"Lottehof 279, 1664 CZ, Burgum",30388.75
880,Fiene Hofman-Room,"3048 GG, Velp",90446.18
881,Jens Pratt,"Milaweg 8, 3616 GB, Herwijnen",34997.32
882,Puck Huisman-Mol,"6928 HK, Zuiddorpe",86438.39
883,Tijmen Prinsen,"Lizasingel 785, 3066 BL, Wolfheze",95666.6
884,Siem Poncelet-de Gruil,"Leonsingel 834, 3698 VF, Sint Joost",91281.03
885,Melissa Claassen-van Maasgouw,"Luukbaan 213, 5284 SE, Westernieland",69123.18
886,Thomas van der Schuijt,"7482 LO, Echtenerbrug",64394.09
887,Leon van der Maath,"Ivansingel 8, 6595 WK, Eexterveen",53241.16
888,Maja Michiels,"1111 CA, Garmerwolde",69455.75
889,Hanna Coret,"Milanring 005, 9310 JM, Meijel",37522.64
890,Adam van Beek,"9372 BU, Berlicum",57191.85
891,Kevin van Breukelveen,"Suzesingel 67, 3249 BR, Goëngahuizen",91966.53
892,Giel Schwartsbach,"Linnbaan 88, 3053 NW, Parrega",95911.0
893,Phileine Boer-van Buuren,"Dylandreef 0, 4620 JH, Guttecoven",71895.36
894,Luc Vink,"4839 CC, Maarheeze",75354.13
895,Amira Wouters-Geerts,"5644 BH, Britswert",30116.75
896,Maxim Remmers,"5637 HG, IJmuiden",73969.15
897,David Bouhuizen-Ghoerle,"6926 HQ, Alem",50492.71
898,Elin de Smit,"Lisapad 555, 3359 ER, Netersel",35248.94
899,Emir Uphaus,"Sylviehof 078, 4996 SS, Zeijen",58711.22
900,Jordy Hellevoort-Reimes,"3423 SK, Ursem",95718.35
901,Jason van Dommelen,"9075 LH, Doldersum",93772.71
902,Stan Sprong,"Fabiënnering 744, 6834 KS, Knegsel",49049.11
903,Evie Geneart,"5110 HC, Teroele",84729.96
904,Eline Palman,"3942 TW, Drunen",64313.46
905,Wesley van Loon,"Karlijnsingel 132, 4977 BA, Naarden",58594.26
906,Ayoub Vierdag,"Tygosteeg 372, 7426 TY, Oostwoud",39924.5
907,Hidde van Grondelle,"3897 OP, De Groeve",98566.79
908,Isabelle Veenendaal,"1396 IM, Woudrichem",93338.43
909,Max Eerden,"Elisabaan 94, 3404 QM, Overdinkel",94735.65
910,Dylano van Enschot-Meyer,"2847 LC, Westwoud",99795.03
911,Jason Stinis,"Fienbaan 9, 5172 KE, Stroe",39135.24
912,Sven Lutterveld,"1406 XV, Meerssen",99056.55
913,Dani Suijker,"Demiring 9, 8289 VX, Wormer",98549.93
914,Luke Hulshouts,"3902 KU, Teeffelen",39403.33
915,Yasmine Puig,"4803 TH, Stavoren",40489.74
916,Yfke der Kijnder,"7195 MI, Zuurdijk",67680.53
917,Saar Eerden,"1754 EE, Veldhoven",87928.38
918,Lukas Kamp,"2019 TH, Gelselaar",72915.38
919,Fem van der Stael-van Heusden,"3987 KP, Ommen",87938.13
920,Emma Tins-Sprong,"Mikehof 8, 4781 XC, Zegge",42367.21
921,Vigo Lagerweij,"Sterreweg 520, 9483 SF, Akersloot",98174.62
922,Kaylee Dennenberg,"8064 QR, Babberich",94924.96
923,Pippa de Korte-Adriaansen,"Liviahof 29, 4289 IJ, Woudsend",31329.61
924,Jason de Gruijter,"9773 TQ, Siebengewald",53149.27
925,Gerrit Rippey-Sire,"5648 WT, Elahuizen",82435.09
926,Sophia François,"9166 PB, Chaam",47375.37
927,Evelien Vegt,"1959 UG, Den Helder",54769.51
928,Bart Scholten,"Noortjelaan 067, 3595 HQ, Bontebok",83036.94
929,Maxim Brandt,"8374 RG, Dalerveen",71095.8
930,Elias van der Zijl,"3504 ZA, Goënga",70979.15
931,Sarah Wilcken-van Arnsberg,"Fennalaan 54, 4596 FF, Rijpwetering",75639.27
932,Amin Sprong-Levesque,"9356 OL, Oldekerk",77313.17
933,Lieke van Dam,"Lucweg 344, 1094 OL, Alteveer gem Hoogeveen",73282.9
934,Lara Wolters-Martens,"Loisbaan 9, 5618 DX, Elahuizen",82728.94
935,Kyano Coenen,"7822 XY, Ugchelen",35131.83
936,Alicia Berends-van Roijen,"4145 BQ, Moergestel",87322.93
937,Jayden Boer,"Amélielaan 3, 1634 DB, Terband",87472.67
938,Robin Dirksen,"Lunadreef 0, 6266 BC, Koudekerk aan den Rijn",69814.99
939,Fabiënne van der Strigt,"Danielring 942, 9083 BL, Ossendrecht",78879.98
940,Mike Fremie,"Stefanweg 16, 5027 QF, Oirsbeek",97696.7
941,Justin Scherms,"5993 OA, Skingen",93996.24
942,Jolie Ruijs-Kamper,"Teunsteeg 69, 8452 LX, Kortenhoef",79825.16
943,Sofie Jansen,"Laurenring 70, 2857 GU, Hoogwoud",56237.46
944,Elin Serra,"Jenniferstraat 24, 6389 JZ, Sint-Michielsgestel",50574.02
945,Lisanne Suijker,"3526 WY, Nuth",78791.64
946,Ruben Rehorst-van der Laarse,"1061 QY, Peperga",70505.06
947,Loïs Coolen,"1217 SR, Sint Hubert",66709.1
948,Feline de Gratie,"Benjaminpad 56, 5266 EY, Wijckel",42993.59
949,Kian van Stralen-Schagen,"Jetweg 9, 3316 KU, Elahuizen",76879.04
950,Lauren Soos-Mangel,"Tychoring 2, 6537 BG, IJzendijke",46134.99
951,Féline Gerritse-Huisman,"Dewiboulevard 970, 9002 SM, Enschede",71229.8
952,Jake Nijman-Bartels,"1550 WQ, Valburg",40554.77
953,Naud van de Plas,"3243 TQ, Blokker",30155.6
954,Noor Scherms,"6439 ER, Zandpol",84209.74
955,Linde Goudriaan,"5031 XX, Kerkrade",60713.25
956,Naud Hoogers,"Catoboulevard 2, 3525 RM, 't Goy",82213.85
957,Suus van der Klein,"Felinering 807, 1706 VN, Varsselder",72814.57
958,Sven Reijers-Linschoten,"Alexstraat 3, 4317 SY, Hilvarenbeek",30787.9
959,Bram Wensen-van de Wal,"8598 OI, Eexterveenschekanaal",50382.56
960,Emma de Bruijn,"Jetstraat 7, 6090 JL, Kamperland",54009.46
961,Nick Buijs,"Simonweg 584, 8254 DF, Hee",58242.32
962,Wessel Korsman-Roessink,"Sophiehof 911, 8038 MI, Staphorst",86660.68
963,Eva de Hoogh-Vermeulen,"Michaboulevard 7, 4467 VK, Ossenwaard",74411.99
964,Sam Eerden,"3561 YE, Bitgum",55237.85
965,Lot van Gils,"Jannepad 3, 5028 CS, Nieuw Scheemda",71796.3
966,Bram Kirpenstein,"Siennadreef 261, 4471 XG, Rossum",68077.49
967,Jayson de Jonge,"5305 OP, Spierdijk",80960.89
968,Isa Drysdale-van Cuijck,"Silhof 02, 7870 TS, Stroobos",85218.77
969,Joey Rubben,"Simonsingel 92, 2626 SX, Mantinge",73139.5
970,Jaylinn Kramer-Cornelisz,"7603 AS, Zandvoort",75099.29
971,Matthijs Neuteboom,"Laurenbaan 52, 2899 BQ, Oldebroek",52304.34
972,Dean van der Kaay-van Dagsburg,"Damianboulevard 1, 2300 HN, Sint Kruis",43307.33
973,Ayden Martens,"Ashleydreef 0, 9512 DV, Bavel",93105.66
974,Liam Matthews,"Laurendreef 065, 2311 CD, Nieuwerkerk",70726.62
975,Elisabeth Coret-Coredo,"1433 ID, Melissant",67905.3
976,Dana Perck,"Noëllesteeg 939, 3200 PA, Breukeleveen",56053.97
977,Amy Stettyn-de Boer,"Megansingel 82, 5998 UW, Venhuizen",66901.33
978,Maurits Bosman,"1247 MU, Wieringerwerf",32636.37
979,Yusuf Beernink,"1373 PZ, Merkelbeek",37259.92
980,Naomi de Boer,"5386 OR, Oosterwolde",83145.34
981,Rosalie Kuijpers-Lamore,"Sarabaan 27, 9347 MZ, Babberich",48710.77
982,Puck Tins,"Aidensteeg 81, 4488 CE, Achterveld",98552.73
983,"Esila Werl-Arnsberg, van","8522 TF, Tuil",62318.13
984,Robin Aeije,"6604 AT, Wolfheze",96540.38
985,Louise van Boven,"2033 QW, Nieuwolda",81856.07
986,Juliette Stichter,"Thomdreef 44, 8860 MN, Zeewolde",84784.05
987,Marijn van Hagen-Verda,"Lucasring 9, 4500 MM, Kronenberg",72824.04
988,Thom van Maaren,"Maryamstraat 24, 6765 QC, Oosthuizen",76862.42
989,Leah Elbertse,"6381 FW, Sint Anthonis",81001.92
990,Mart Romijn-Veltman,"Silkepad 279, 1099 RJ, Posterholt",74468.75
991,Guus Sam,"2692 XE, Randwijk",49938.56
992,Britt Glasses-Meijer,"Jorisboulevard 464, 2259 AN, Parrega",88489.13
993,Ben Bleijenberg,"Bartsingel 9, 3054 TD, Westerwijtwerd",90581.82
994,Victoria Schiffer,"Mialaan 226, 9780 GJ, Den Dolder",89107.06
995,Willem Heymans,"Dinaweg 6, 7345 OG, Niehove",59155.97
996,Jinthe Cant,"Amirasteeg 0, 5954 GN, Wijnbergen",53251.38
997,Jesse Dekker,"2926 OQ, Vlijmen",34483.34
998,Fatima van der Sloot,"1762 MU, Hoogwoud",66665.38
999,Vera Lage,"1608 QR, Kootwijkerbroek",79331.75
1000,Siem Broek,"Luukpad 54, 2173 FA, Oude-Tonge",75689.4
